{
  "model/models.js": 1735233316062,
  "controller/candidate-creation.controller.js": 1735233316062,
  "i18n/i18n.properties": 1735233316062,
  "controller/App.controller.js": 1735233316062,
  "manifest.json": 1737033637023,
  "Component.js": 1735233316062,
  "controller/App-dbg.controller.js": 1735233316062,
  "controller/App.controller.js.map": 1737033637191,
  "model/models-dbg.js": 1735233316062,
  "model/models.js.map": 1737033637192,
  "controller/candidate-creation-dbg.controller.js": 1735233316062,
  "controller/candidate-creation.controller.js.map": 1737033637197,
  "Component-dbg.js": 1735233316062,
  "Component.js.map": 1737033637193,
  "Component-preload.js": 1737033637414,
  "Component-preload.js.map": 1737033637414,
  "view/candidate-creation.view.xml": 1735233316062,
  "view/App.view.xml": 1735233316062,
  "css/style.css": 1735233316062,
  "index.html": 1735233316062
}