{
  "controller/App.controller.js": 1731964146112,
  "controller/candidate-creation.controller.js": 1731967837006,
  "model/models.js": 1731077124746,
  "i18n/i18n.properties": 1731077205447,
  "manifest.json": 1732286288775,
  "Component.js": 1731077124742,
  "controller/App-dbg.controller.js": 1731964146112,
  "controller/App.controller.js.map": 1732286288893,
  "model/models-dbg.js": 1731077124746,
  "model/models.js.map": 1732286288892,
  "controller/candidate-creation-dbg.controller.js": 1731967837006,
  "controller/candidate-creation.controller.js.map": 1732286288897,
  "Component-dbg.js": 1731077124742,
  "Component.js.map": 1732286288894,
  "Component-preload.js": 1732286288963,
  "Component-preload.js.map": 1732286288963,
  "view/candidate-creation.view.xml": 1731967962882,
  "view/App.view.xml": 1731077124754,
  "css/style.css": 1731967955154,
  "index.html": 1731077124746
}