{
  "model/models.js": 1731077124746,
  "controller/candidate-creation.controller.js": 1731077124758,
  "i18n/i18n.properties": 1731077205447,
  "controller/App.controller.js": 1731077124750,
  "manifest.json": 1731954308623,
  "Component.js": 1731077124742,
  "controller/candidate-creation-dbg.controller.js": 1731077124758,
  "controller/candidate-creation.controller.js.map": 1731954308739,
  "model/models-dbg.js": 1731077124746,
  "model/models.js.map": 1731954308740,
  "controller/App-dbg.controller.js": 1731077124750,
  "controller/App.controller.js.map": 1731954308753,
  "Component-dbg.js": 1731077124742,
  "Component.js.map": 1731954308741,
  "Component-preload.js": 1731954308817,
  "Component-preload.js.map": 1731954308817,
  "view/candidate-creation.view.xml": 1731077124754,
  "view/App.view.xml": 1731077124754,
  "css/style.css": 1731077124754,
  "index.html": 1731077124746
}